Rosetta 3,,,,,,,,,,,,,,,,,,,,,,,
Sand_%,Silt_%,Clay_%,bulk_density_(g/cm3),th33,th1500,Code,theta_r,theta_s,log10_alpha_(1/cm),log10_n,log10_Ksat_(cm/d),K sat (cm/d),ksat (cm/s),,,,,,,,,,
65.29,31.3,3.41,1.62,-9.9,-9.9,3,0.0517692,0.336311583,-1.748404915,0.179897384,1.582345909,38.22486049,0.000442417,,,,,,,,,,1.16E-05
43.54,42.74,13.71,1.62,-9.9,-9.9,3,0.069659601,0.345953466,-2.028289348,0.144045148,1.012412265,10.28992632,0.000119096,,,,,,,,,,
68.97,25.54,5.49,1.62,-9.9,-9.9,3,0.054796985,0.340851487,-1.717539378,0.181166806,1.590637039,38.96162294,0.000450945,,,,,,,,,,
84.26,15.74,0,1.62,-9.9,-9.9,3,0.046006793,0.338183123,-1.538879044,0.308460688,2.257722707,181.0183938,0.00209512,,,,,,,,,,
58.3,32.97,8.73,1.62,-9.9,-9.9,3,0.060304009,0.342253663,-1.841247332,0.1554844,1.319227609,20.85583628,0.000241387,,,,,,,,,,
72.76,27.24,0,1.62,-9.9,-9.9,3,0.046691124,0.333564352,-1.654326863,0.215996413,1.844149797,69.84732802,0.000808418,,,,,,,,,,
62.65,28.8,8.55,1.62,-9.9,-9.9,3,0.059928035,0.343401568,-1.793526776,0.159901408,1.387839363,24.42526943,0.0002827,,,,,,,,,,
87.06,12.94,0,1.62,-9.9,-9.9,3,0.045856978,0.339323923,-1.512413677,0.349770982,2.400936863,251.7310939,0.002913554,,,,,,,,,,
84.23,15.77,0,1.62,-9.9,-9.9,3,0.046008485,0.338170694,-1.539166384,0.30806921,2.256277516,180.4170245,0.00208816,,,,,,,,,,
64.21,35.79,0,1.62,-9.9,-9.9,3,0.047117327,0.33120399,-1.748967318,0.190366406,1.677902373,47.63238998,0.000551301,,,,,,,,,,
67.37,32.63,0,1.62,-9.9,-9.9,3,0.046969902,0.331924242,-1.712916211,0.197316036,1.72896867,53.57580065,0.00062009,,,,,,,,,,
63.73,36.27,0,1.62,-9.9,-9.9,3,0.047138944,0.331110962,-1.75456494,0.189516456,1.671037738,46.88541214,0.000542655,,,,,,,,,,
78.49,21.51,0,1.62,-9.9,-9.9,3,0.046353489,0.33576625,-1.595410969,0.249930554,2.016784171,103.9403491,0.001203013,,,,,,,,,,
92.45,7.55,0,1.62,-9.9,-9.9,3,0.045595931,0.341485354,-1.464799418,0.455015771,2.708541453,511.1418647,0.005915994,,,,,,,,,,
59.35,32.93,7.72,1.62,-9.9,-9.9,3,0.058602331,0.341036574,-1.827046472,0.158993692,1.362911161,23.0627537,0.00026693,,,,,,,,,,
67.2,32.8,0,1.62,-9.9,-9.9,3,0.046978093,0.331880773,-1.714821665,0.19687726,1.725943592,53.20391513,0.000615786,,,,,,,,,,
36.37,47.08,16.54,1.62,-9.9,-9.9,3,0.075509877,0.349979416,-2.114073839,0.142043666,0.884003744,7.656032071,8.86E-05,,,,,,,,,,
43.15,43.8,13.04,1.62,-9.9,-9.9,3,0.0684093,0.345091499,-2.033285556,0.14594101,1.030449521,10.72628967,0.000124147,,,,,,,,,,
61.02,33.3,5.68,1.62,-9.9,-9.9,3,0.055305232,0.338463647,-1.802923502,0.166437205,1.447328536,28.010995,0.000324201,,,,,,,,,,
66.35,27.78,5.86,1.62,-9.9,-9.9,3,0.055458441,0.340459521,-1.745794499,0.173852352,1.527885354,33.71982826,0.000390276,,,,,,,,,,
55.39,33.6,11.01,1.62,-9.9,-9.9,3,0.064315285,0.344835582,-1.878891499,0.148237734,1.216479993,16.46190128,0.000190531,,,,,,,,,,
78.7,21.3,0,1.62,-9.9,-9.9,3,0.046340581,0.335852959,-1.593307782,0.251554883,2.02428744,105.7517201,0.001223978,,,,,,,,,,
41.8,44.69,13.51,1.62,-9.9,-9.9,3,0.069356163,0.345672999,-2.0504127,0.145616104,1.006369463,10.14774307,0.000117451,,,,,,,,,,
76.11,23.89,0,1.62,-9.9,-9.9,3,0.046497963,0.334807615,-1.619510471,0.233592783,1.937849756,86.66620025,0.001003081,,,,,,,,,,
42,44.43,13.57,1.62,-9.9,-9.9,3,0.069460832,0.34573858,-2.04789043,0.145337766,1.005732852,10.13287889,0.000117279,,,,,,,,,,
65.12,29.82,5.06,1.62,-9.9,-9.9,3,0.054246883,0.338763374,-1.755974755,0.174089369,1.529175097,33.82011632,0.000391437,,,,,,,,,,
92.02,7.98,0,1.62,-9.9,-9.9,3,0.045616606,0.341310424,-1.468384415,0.445510483,2.68315094,482.1153288,0.005580039,,,,,,,,,,
92.02,7.98,0,1.62,-9.9,-9.9,3,0.045616606,0.341310424,-1.468384415,0.445510483,2.68315094,482.1153288,0.005580039,,,,,,,,,,
28.47,56.72,14.81,1.62,-9.9,-9.9,3,0.07260797,0.352062502,-2.20171299,0.153001468,0.929481741,8.501229508,9.84E-05,,,,,,,,,,
53.1,38.27,8.63,1.62,-9.9,-9.9,3,0.060228265,0.340752289,-1.902427338,0.15411912,1.261069301,18.24186767,0.000211133,,,,,,,,,,
78.27,21.73,0,1.62,-9.9,-9.9,3,0.046366995,0.335675717,-1.597618232,0.248262817,2.009020051,102.0986621,0.001181697,,,,,,,,,,
63.47,27.64,8.89,1.62,-9.9,-9.9,3,0.060489822,0.344252467,-1.786050082,0.159992287,1.392102206,24.66619758,0.000285488,,,,,,,,,,
68.46,31.54,0,1.62,-9.9,-9.9,3,0.046916581,0.332215443,-1.700786587,0.200323706,1.749178478,56.12785921,0.000649628,,,,,,,,,,
53.74,37.16,9.1,1.62,-9.9,-9.9,3,0.061009812,0.341563229,-1.895262102,0.152903256,1.253335072,17.91987896,0.000207406,,,,,,,,,,
57.61,42.39,0,1.62,-9.9,-9.9,3,0.047408125,0.330302035,-1.82908542,0.182540428,1.60031258,39.83938082,0.000461104,,,,,,,,,,
72.73,22.36,4.91,1.62,-9.9,-9.9,3,0.053756682,0.341478064,-1.677628936,0.195468228,1.696088189,49.66931711,0.000574876,,,,,,,,,,
83.76,16.24,0,1.62,-9.9,-9.9,3,0.046035214,0.337975451,-1.543677225,0.302071093,2.233898604,171.3557192,0.001983284,,,,,,,,,,
57.73,34.61,7.66,1.62,-9.9,-9.9,3,0.058531381,0.340494138,-1.845340397,0.158104882,1.343802847,22.07002611,0.00025544,,,,,,,,,,
48.63,40.93,10.44,1.62,-9.9,-9.9,3,0.06346219,0.342324533,-1.961092279,0.149980582,1.159348639,14.43273505,0.000167046,,,,,,,,,,
56.95,38.33,4.72,1.62,-9.9,-9.9,3,0.053930312,0.336165612,-1.848255963,0.166307033,1.428406954,26.81680006,0.00031038,,,,,,,,,,
64.34,35.66,0,1.62,-9.9,-9.9,3,0.047111442,0.331229932,-1.747457002,0.190605296,1.679799611,47.84092973,0.000553714,,,,,,,,,,
45.44,45.33,9.23,1.62,-9.9,-9.9,3,0.061482405,0.340471497,-2.00266019,0.154606263,1.173003792,14.89374082,0.000172381,,,,,,,,,,
79.18,20.82,0,1.62,-9.9,-9.9,3,0.046311036,0.336052112,-1.588514074,0.255389885,2.041779405,110.0979937,0.001274282,,,,,,,,,,
84.97,15.03,0,1.62,-9.9,-9.9,3,0.045967292,0.338475984,-1.532099857,0.318034352,2.292503892,196.111875,0.002269813,,,,,,,,,,
57.54,39.28,3.18,1.62,-9.9,-9.9,3,0.051667254,0.334224253,-1.837619988,0.171476118,1.486644076,30.66507816,0.00035492,,,,,,,,,,
86.12,13.88,0,1.62,-9.9,-9.9,3,0.045905524,0.338945013,-1.521212518,0.334831149,2.351111031,224.4455664,0.00259775,,,,,,,,,,
45.96,45.25,8.79,1.62,-9.9,-9.9,3,0.060717861,0.339954259,-1.995537066,0.155538131,1.191833528,15.55369319,0.00018002,,,,,,,,,,
61.86,38.14,0,1.62,-9.9,-9.9,3,0.047221772,0.330789855,-1.776698139,0.186661967,1.646297461,44.28916179,0.000512606,,,,,,,,,,
84.96,15.04,0,1.62,-9.9,-9.9,3,0.045967841,0.338471877,-1.53219505,0.31789535,2.292006396,195.8873522,0.002267215,,,,,,,,,,
62.28,28.15,9.56,1.62,-9.9,-9.9,3,0.06166311,0.344908507,-1.800372192,0.156659586,1.354374027,22.613825,0.000261734,,,,,,,,,,
60.94,33.66,5.4,1.62,-9.9,-9.9,3,0.054873375,0.338029726,-1.803053334,0.167206792,1.454895623,28.50333145,0.0003299,,,,,,,,,,
45.22,41.4,13.38,1.62,-9.9,-9.9,3,0.068960735,0.345687615,-2.006710735,0.143959668,1.036548194,10.87797845,0.000125903,,,,,,,,,,
73.51,26.49,0,1.62,-9.9,-9.9,3,0.046649165,0.333829668,-1.646434388,0.219465383,1.863495747,73.02906612,0.000845244,,,,,,,,,,
76.06,23.94,0,1.62,-9.9,-9.9,3,0.046500947,0.334788046,-1.620022152,0.233287177,1.936307294,86.35893821,0.000999525,,,,,,,,,,
66.75,26.83,6.41,1.62,-9.9,-9.9,3,0.056320502,0.341491645,-1.743703192,0.172917695,1.519836213,33.10062644,0.000383109,,,,,,,,,,
94.95,5.05,0,1.62,-9.9,-9.9,3,0.045475702,0.342519101,-1.444582891,0.513839364,2.857795886,720.7686456,0.00834223,,,,,,,,,,
87.48,12.52,0,1.62,-9.9,-9.9,3,0.045835785,0.3394922,-1.508517133,0.356797723,2.423700132,265.2773265,0.003070339,,,,,,,,,,
72.95,27.05,0,1.62,-9.9,-9.9,3,0.046680569,0.333630791,-1.652321855,0.216851868,1.848966385,70.62628864,0.000817434,,,,,,,,,,
40.13,48.89,10.99,1.62,-9.9,-9.9,3,0.064801492,0.343045065,-2.071452876,0.153308683,1.082970028,12.10514589,0.000140106,,,,,,,,,,
82.87,17.13,0,1.62,-9.9,-9.9,3,0.046086931,0.337603307,-1.552265381,0.291388281,2.192886015,155.9143236,0.001804564,,,,,,,,,,
56.94,30.68,12.38,1.62,-9.9,-9.9,3,0.066784564,0.347490631,-1.864122601,0.145337004,1.199630191,15.83544204,0.000183281,,,,,,,,,,
49.4,38.96,11.64,1.62,-9.9,-9.9,3,0.065586,0.344120437,-1.952076137,0.146680025,1.129814682,13.48387389,0.000156063,,,,,,,,,,
51.17,37.67,11.17,1.62,-9.9,-9.9,3,0.064686339,0.343867677,-1.929527055,0.14754872,1.162525811,14.5387079,0.000168272,,,,,,,,,,
66.16,33.84,0,1.62,-9.9,-9.9,3,0.047027516,0.331626452,-1.726560944,0.194361163,1.708151004,51.06825332,0.000591068,,,,,,,,,,
81.55,18.45,0,1.62,-9.9,-9.9,3,0.046165814,0.337047581,-1.565112753,0.27706947,2.135362594,136.5722908,0.001580698,,,,,,,,,,
47.39,40.97,11.64,1.62,-9.9,-9.9,3,0.065651369,0.343713789,-1.977930131,0.147334511,1.109975978,12.88178297,0.000149095,,,,,,,,,,
52.38,39.46,8.16,1.62,-9.9,-9.9,3,0.059460615,0.339954574,-1.910780785,0.155394512,1.268653617,18.56323305,0.000214852,,,,,,,,,,
67.59,32.41,0,1.62,-9.9,-9.9,3,0.046959253,0.331981279,-1.71045586,0.19789574,1.732933481,54.06715043,0.000625777,,,,,,,,,,
39.73,55.31,4.95,1.62,-9.9,-9.9,3,0.055126587,0.337665842,-2.072253181,0.171101204,1.311954293,20.50946317,0.000237378,,,,,,,,,,
69.44,30.56,0,1.62,-9.9,-9.9,3,0.046867392,0.332495406,-1.690007464,0.20333185,1.768602257,58.69515543,0.000679342,,,,,,,,,,
33.47,60.71,5.82,1.62,-9.9,-9.9,3,0.056973846,0.342160746,-2.145280814,0.173930101,1.277428658,18.94212325,0.000219238,,,,,,,,,,
71.02,28.98,0,1.62,-9.9,-9.9,3,0.046785416,0.332981703,-1.672870791,0.208848908,1.802591592,63.47337512,0.000734646,,,,,,,,,,
86.68,13.32,0,1.62,-9.9,-9.9,3,0.045876407,0.33917117,-1.51595845,0.343600017,2.380600299,240.2150973,0.002780267,,,,,,,,,,
79.97,20.03,0,1.62,-9.9,-9.9,3,0.046262393,0.336382272,-1.58066484,0.262089461,2.071621999,117.9293756,0.001364923,,,,,,,,,,
38.1,61.9,0,1.62,-9.9,-9.9,3,0.04893938,0.335423301,-2.082729807,0.189465962,1.52011874,33.12216681,0.000383358,,,,,,,,,,
74.19,25.81,0,1.62,-9.9,-9.9,3,0.046610453,0.33407709,-1.639328662,0.22283188,1.881823775,76.17698416,0.000881678,,,,,,,,,,
78.78,21.22,0,1.62,-9.9,-9.9,3,0.04633566,0.335886062,-1.592507523,0.252182132,2.027169639,106.4558762,0.001232128,,,,,,,,,,
70.71,29.29,0,1.62,-9.9,-9.9,3,0.046801769,0.332882981,-1.676210117,0.207697502,1.795651783,62.46716307,0.000723,,,,,,,,,,
79.23,20.77,0,1.62,-9.9,-9.9,3,0.046307957,0.336072927,-1.588015806,0.255799372,2.043629072,110.5679028,0.001279721,,,,,,,,,,
83.28,16.72,0,1.62,-9.9,-9.9,3,0.046062937,0.337775097,-1.548301583,0.296202119,2.2115566,162.7633425,0.001883835,,,,,,,,,,
96.19,3.81,0,1.62,-9.9,-9.9,3,0.045419741,0.34304574,-1.43486375,0.545264587,2.932659355,856.3658791,0.009911642,,,,,,,,,,
52.77,47.23,0,1.62,-9.9,-9.9,3,0.047645763,0.330171895,-1.892525747,0.181097784,1.561285012,36.4153939,0.000421474,,,,,,,,,,
66.05,33.95,0,1.62,-9.9,-9.9,3,0.047032677,0.331600726,-1.727811,0.194111409,1.706339055,50.85563191,0.000588607,,,,,,,,,,
76.75,23.25,0,1.62,-9.9,-9.9,3,0.046459552,0.335060387,-1.612981039,0.237633995,1.958003421,90.78276812,0.001050726,,,,,,,,,,
43,50.64,6.36,1.62,-9.9,-9.9,3,0.056969838,0.337681622,-2.032799399,0.164305706,1.264763436,18.3976959,0.000212936,,,,,,,,,,
54.95,39.05,6,1.62,-9.9,-9.9,3,0.055931448,0.337520375,-1.875327938,0.161766563,1.365058291,23.17705712,0.000268253,,,,,,,,,,
58.22,41.78,0,1.62,-9.9,-9.9,3,0.047380938,0.33035151,-1.821378127,0.182950993,1.606148619,40.37835472,0.000467342,,,,,,,,,,
46.07,49.46,4.47,1.62,-9.9,-9.9,3,0.053976309,0.335208128,-1.990597421,0.168151837,1.350123108,22.39355831,0.000259185,,,,,,,,,,
81.54,18.46,0,1.62,-9.9,-9.9,3,0.046166419,0.337043363,-1.565210583,0.276967546,2.1349418,136.440028,0.001579167,,,,,,,,,,
53.04,46.96,0,1.62,-9.9,-9.9,3,0.047631028,0.330165563,-1.888881969,0.181101052,1.563159475,36.57290644,0.000423298,,,,,,,,,,
55.59,44.41,0,1.62,-9.9,-9.9,3,0.047501458,0.330188658,-1.855072691,0.181565264,1.582546524,38.24252189,0.000442622,,,,,,,,,,
65.66,34.34,0,1.62,-9.9,-9.9,3,0.047050878,0.331511334,-1.732256184,0.193250234,1.700019539,50.12097827,0.000580104,,,,,,,,,,
87.01,12.99,0,1.62,-9.9,-9.9,3,0.04585952,0.339303853,-1.512879083,0.348948853,2.398246588,250.1765436,0.002895562,,,,,,,,,,
85.71,14.29,0,1.62,-9.9,-9.9,3,0.045927233,0.338778539,-1.525079933,0.328656855,2.32990534,213.7496144,0.002473954,,,,,,,,,,
45.72,54.28,0,1.62,-9.9,-9.9,3,0.048140423,0.331347853,-1.988388177,0.183504877,1.52559738,33.54265073,0.000388225,,,,,,,,,,
86.78,13.22,0,1.62,-9.9,-9.9,3,0.04587127,0.33921142,-1.515023929,0.345206693,2.385927277,243.1796768,0.00281458,,,,,,,,,,
84.47,15.53,0,1.62,-9.9,-9.9,3,0.045995003,0.338270001,-1.53686967,0.311230394,2.267894907,185.308315,0.002144772,,,,,,,,,,
65.09,34.91,0,1.62,-9.9,-9.9,3,0.04707722,0.331385805,-1.73879039,0.192058135,1.691070962,49.09880951,0.000568273,,,,,,,,,,
84.4,15.6,0,1.62,-9.9,-9.9,3,0.045998923,0.338241065,-1.53753907,0.310301433,2.264493335,183.8625737,0.002128039,,,,,,,,,,
59.47,40.53,0,1.62,-9.9,-9.9,3,0.047326017,0.33047443,-1.805785452,0.183973158,1.618859776,41.57763439,0.000481223,,,,,,,,,,
77.81,22.19,0,1.62,-9.9,-9.9,3,0.046395164,0.335487518,-1.602246545,0.244884905,1.993101155,98.42403263,0.001139167,,,,,,,,,,
63.54,36.46,0,1.62,-9.9,-9.9,3,0.047147455,0.331075336,-1.756789912,0.189193733,1.668380592,46.59942866,0.000539345,,,,,,,,,,
68.97,31.03,0,1.62,-9.9,-9.9,3,0.046891135,0.332359022,-1.695162369,0.201851749,1.759134227,57.42939313,0.000664692,,,,,,,,,,
55.73,44.27,0,1.62,-9.9,-9.9,3,0.047494775,0.330193944,-1.853248613,0.18161467,1.583705077,38.3446764,0.000443804,,,,,,,,,,
70.11,29.89,0,1.62,-9.9,-9.9,3,0.046833043,0.332696455,-1.682704877,0.205566318,1.782600279,60.61781515,0.000701595,,,,,,,,,,
93.11,6.89,0,1.62,-9.9,-9.9,3,0.04556405,0.341755329,-1.459364354,0.469955102,2.747688655,559.356456,0.006474033,,,,,,,,,,
49.36,41.13,9.51,1.62,-9.9,-9.9,3,0.061820762,0.341212188,-1.950898534,0.152214781,1.19596453,15.70234554,0.00018174,,,,,,,,,,
52.54,44.2,3.26,1.62,-9.9,-9.9,3,0.051948792,0.333754596,-1.901559194,0.169920498,1.437991908,27.4152309,0.000317306,,,,,,,,,,
58.07,39.29,2.65,1.62,-9.9,-9.9,3,0.050903335,0.333605921,-1.829926236,0.173548105,1.510341432,32.38481586,0.000374824,,,,,,,,,,
51.92,39.84,8.24,1.62,-9.9,-9.9,3,0.059604613,0.339974033,-1.91669979,0.155197073,1.261512926,18.26051097,0.000211349,,,,,,,,,,
75.39,24.61,0,1.62,-9.9,-9.9,3,0.046540664,0.334528497,-1.626901058,0.229327708,1.916077061,82.42843627,0.000954033,,,,,,,,,,
52.38,36,11.63,1.62,-9.9,-9.9,3,0.065487735,0.344857864,-1.91526127,0.146308017,1.162556238,14.53972652,0.000168284,,,,,,,,,,
57.37,39.61,3.02,1.62,-9.9,-9.9,3,0.0514458,0.333990398,-1.839345895,0.171901647,1.490372323,30.92945895,0.00035798,,,,,,,,,,
55.39,40.73,3.88,1.62,-9.9,-9.9,3,0.0527352,0.334808177,-1.865868832,0.168316006,1.441054393,27.60923625,0.000319551,,,,,,,,,,
49.88,45.88,4.25,1.62,-9.9,-9.9,3,0.053466349,0.334758908,-1.938703398,0.167215184,1.381711715,24.08306262,0.000278739,,,,,,,,,,
50.78,38.63,10.59,1.62,-9.9,-9.9,3,0.063664386,0.342967658,-1.933730112,0.149078139,1.175993904,14.99663785,0.000173572,,,,,,,,,,
63.03,36.97,0,1.62,-9.9,-9.9,3,0.047170181,0.33098307,-1.762788509,0.188364957,1.661412695,45.857745,0.000530761,,,,,,,,,,
69.92,30.08,0,1.62,-9.9,-9.9,3,0.046842845,0.332638657,-1.68477034,0.204917414,1.778569821,60.05785554,0.000695114,,,,,,,,,,
65.73,34.27,0,1.62,-9.9,-9.9,3,0.047047622,0.33152717,-1.731456811,0.193402039,1.701141888,50.25067363,0.000581605,,,,,,,,,,
48.5,41.24,10.25,1.62,-9.9,-9.9,3,0.063133883,0.34206219,-1.962583494,0.150510686,1.164267031,14.59711505,0.000168948,,,,,,,,,,
53.23,46.77,0,1.62,-9.9,-9.9,3,0.047620788,0.330162185,-1.886325141,0.181108409,1.564497815,36.68578487,0.000424604,,,,,,,,,,
65.24,34.76,0,1.62,-9.9,-9.9,3,0.047070317,0.331418249,-1.737066518,0.192364329,1.69339326,49.36205823,0.00057132,,,,,,,,,,
58.27,41.73,0,1.62,-9.9,-9.9,3,0.047378724,0.330355872,-1.820749254,0.182987155,1.606637332,40.42381819,0.000467868,,,,,,,,,,
66.62,33.38,0,1.62,-9.9,-9.9,3,0.047005798,0.331736472,-1.721350962,0.195439046,1.715871631,51.98423185,0.000601669,,,,,,,,,,
74.5,25.5,0,1.62,-9.9,-9.9,3,0.0465926,0.334191952,-1.636104711,0.224440098,1.890435173,77.70253238,0.000899335,,,,,,,,,,
30.87,59.93,9.19,1.62,-9.9,-9.9,3,0.062418762,0.346284277,-2.176313973,0.166174711,1.142509795,13.88384623,0.000160693,,,,,,,,,,
94.09,5.91,0,1.62,-9.9,-9.9,3,0.04551666,0.342159871,-1.451430167,0.492918386,2.806169198,639.9841201,0.007407224,,,,,,,,,,
61.2,35.66,3.14,1.62,-9.9,-9.9,3,0.051503178,0.334862085,-1.793749553,0.174685768,1.530655376,33.9355878,0.000392773,,,,,,,,,,
60.88,35.29,3.83,1.62,-9.9,-9.9,3,0.052512695,0.335756109,-1.799403433,0.172075987,1.503966513,31.91291776,0.000369362,,,,,,,,,,
79.46,20.54,0,1.62,-9.9,-9.9,3,0.046293791,0.33616883,-1.585726366,0.257707918,2.052205204,112.7730182,0.001305243,,,,,,,,,,
79.7,20.3,0,1.62,-9.9,-9.9,3,0.046279011,0.336269149,-1.5833419,0.259743769,2.061273447,115.1525201,0.001332784,,,,,,,,,,
89.28,10.72,0,1.62,-9.9,-9.9,3,0.045747547,0.340209986,-1.492125332,0.389289152,2.524141398,334.3038653,0.003869258,,,,,,,,,,
56.03,43.97,0,1.62,-9.9,-9.9,3,0.047480579,0.330206591,-1.849351342,0.181729391,1.58622285,38.56762094,0.000446385,,,,,,,,,,
50.33,42.18,7.49,1.62,-9.9,-9.9,3,0.058418965,0.33872671,-1.936347797,0.157504895,1.271481086,18.68448303,0.000216256,,,,,,,,,,
80.25,19.75,0,1.62,-9.9,-9.9,3,0.046245179,0.336499835,-1.577894691,0.264585468,2.082519396,120.9259188,0.001399606,,,,,,,,,,
74.59,25.41,0,1.62,-9.9,-9.9,3,0.046587393,0.334225534,-1.635170506,0.2249159,1.892965825,78.15663001,0.000904591,,,,,,,,,,
43.58,46.94,9.48,1.62,-9.9,-9.9,3,0.061992504,0.340842692,-2.027170472,0.155011405,1.152784555,14.21623373,0.00016454,,,,,,,,,,
46.13,44,9.88,1.62,-9.9,-9.9,3,0.062568853,0.341272145,-1.993875193,0.152502779,1.155834895,14.3164353,0.000165699,,,,,,,,,,
83.46,16.54,0,1.62,-9.9,-9.9,3,0.046052493,0.337850334,-1.546565393,0.298373088,2.219873818,165.9104793,0.00192026,,,,,,,,,,
76.37,23.63,0,1.62,-9.9,-9.9,3,0.046482407,0.334909799,-1.616853417,0.235205289,1.945944983,88.29680378,0.001021954,,,,,,,,,,
93.5,6.5,0,1.62,-9.9,-9.9,3,0.045545167,0.341915763,-1.456188517,0.478981737,2.770913599,590.0836739,0.006829672,,,,,,,,,,
78.73,21.27,0,1.62,-9.9,-9.9,3,0.046338735,0.335865368,-1.593007623,0.251789551,2.025366721,106.0148543,0.001227024,,,,,,,,,,
63.38,36.62,0,1.62,-9.9,-9.9,3,0.047154603,0.331045863,-1.758667682,0.18892789,1.666168981,46.36272788,0.000536606,,,,,,,,,,
70.71,25.16,4.13,1.62,-9.9,-9.9,3,0.052645119,0.339335541,-1.694157698,0.191138314,1.668220515,46.5822557,0.000539146,,,,,,,,,,
52.7,42.79,4.5,1.62,-9.9,-9.9,3,0.05372585,0.335269134,-1.901391463,0.166007951,1.395179359,24.84158825,0.000287518,,,,,,,,,,
75.35,24.65,0,1.62,-9.9,-9.9,3,0.046543019,0.334513164,-1.627313072,0.229099126,1.91489481,82.20435196,0.000951439,,,,,,,,,,
81.13,18.87,0,1.62,-9.9,-9.9,3,0.046191322,0.336870432,-1.569228141,0.272869377,2.117881518,131.184196,0.001518336,,,,,,,,,,
63.95,36.05,0,1.62,-9.9,-9.9,3,0.047129057,0.331153061,-1.751995228,0.189899798,1.674156791,47.22334984,0.000546567,,,,,,,,,,
49.8,44.56,5.64,1.62,-9.9,-9.9,3,0.055531886,0.336384287,-1.94137153,0.162989099,1.331145156,21.43606948,0.000248103,,,,,,,,,,
77.29,22.71,0,1.62,-9.9,-9.9,3,0.046426856,0.335276757,-1.607500287,0.241237767,1.975610995,94.538998,0.001094201,,,,,,,,,,
74.61,25.39,0,1.62,-9.9,-9.9,3,0.046586235,0.33423301,-1.634963013,0.225022184,1.893530072,78.25823918,0.000905767,,,,,,,,,,
89.14,10.86,0,1.62,-9.9,-9.9,3,0.045754295,0.340154197,-1.493379857,0.386628526,2.516186046,328.2358749,0.003799026,,,,,,,,,,
91.21,8.79,0,1.62,-9.9,-9.9,3,0.045655343,0.340982792,-1.475238611,0.428097151,2.635597183,432.1128516,0.005001306,,,,,,,,,,
89.46,10.54,0,1.62,-9.9,-9.9,3,0.04573889,0.340281743,-1.490517963,0.392741764,2.534399613,342.2942573,0.003961739,,,,,,,,,,
91.44,8.56,0,1.62,-9.9,-9.9,3,0.045644367,0.341075585,-1.473278556,0.432975897,2.649061102,445.7189533,0.005158784,,,,,,,,,,
93.06,6.94,0,1.62,-9.9,-9.9,3,0.04556647,0.34173481,-1.459773374,0.468808524,2.744715915,555.5407426,0.00642987,,,,,,,,,,
